PassengerId,Age,Fare,Sex,ttl,fgrp,famsize,Ticket,Pclass,Embarked,Survived,pp_0,pp_1
902,3.126059876923826,2.0663309725297405,0,1,0,0,0,2,1,0,0.8369888141728653,0.16301118582713472
914,3.0848915236665495,3.4557897281879213,1,2,0,0,0,0,1,1,0.18029039984971268,0.8197096001502873
921,2.8873225911407534,3.0763532755216065,0,1,3,2,22,2,0,0,0.8369888141728653,0.16301118582713472
925,1.9970996150094842,1.7685761337723978,1,2,5,3,193,2,1,1,0.19562795173583686,0.8043720482641632
928,3.126059876923826,2.0856720914304723,1,3,0,0,0,2,1,1,0.23819884724735463,0.7618011527526454
931,3.111507258237529,1.9547247574262951,0,1,1,0,36,2,1,0,0.8369888141728653,0.16301118582713472
933,3.0848915236665495,3.279029747687948,0,1,0,0,0,0,1,0,0.8369888141728653,0.16301118582713472
939,3.126059876923826,2.0476928433652555,0,1,0,0,0,2,2,0,0.8369888141728653,0.16301118582713472
946,3.126059876923826,2.745936691242355,0,1,0,0,0,1,0,0,0.8369888141728653,0.16301118582713472
950,2.8873225911407534,2.0856720914304723,0,1,3,1,121,2,1,0,0.8239246827114691,0.1760753172885309
957,3.111507258237529,2.3513752571634776,1,2,1,0,206,1,1,1,0.22306081764116903,0.776939182358831
968,3.126059876923826,2.0856720914304723,0,1,0,0,0,2,1,0,0.8369888141728653,0.16301118582713472
975,3.126059876923826,2.0663309725297405,0,1,0,0,0,2,1,0,0.8369888141728653,0.16301118582713472
976,3.126059876923826,2.371019141701962,0,1,0,0,0,1,2,0,0.8369888141728653,0.16301118582713472
977,2.8873225911407534,1.977837849205252,0,1,3,1,207,2,0,0,0.7846264268336833,0.2153735731663166
980,3.126059876923826,2.0476928433652555,1,3,0,0,0,2,2,1,0.18029039984971268,0.8197096001502873
983,3.126059876923826,2.0509134580652977,0,1,0,0,0,2,1,0,0.8369888141728653,0.16301118582713472
985,3.126059876923826,2.0856720914304723,0,1,0,0,0,2,1,0,0.8369888141728653,0.16301118582713472
994,3.126059876923826,2.0476928433652555,0,1,0,0,0,2,2,0,0.8369888141728653,0.16301118582713472
999,3.126059876923826,2.0476928433652555,0,1,0,0,0,2,2,0,0.8369888141728653,0.16301118582713472
1000,3.126059876923826,2.1647587760866425,0,1,0,0,0,2,1,0,0.8369888141728653,0.16301118582713472
1003,3.126059876923826,2.0514535051396674,1,3,0,0,0,2,2,1,0.18029039984971268,0.8197096001502873
1008,3.126059876923826,1.8621402659898545,0,1,0,0,0,2,0,0,0.8369888141728653,0.16301118582713472
1013,3.126059876923826,2.0476928433652555,0,1,2,1,0,2,2,0,0.8369888141728653,0.16301118582713472
1016,3.126059876923826,2.0476928433652555,0,1,0,0,0,2,2,0,0.8369888141728653,0.16301118582713472
1019,2.8873225911407534,2.0476928433652555,1,3,3,2,108,2,2,1,0.18029039984971268,0.8197096001502873
1024,1.9789694953768473,1.6279338039699316,1,2,5,4,70,2,1,0,0.8528667654216697,0.1471332345783304
1025,3.126059876923826,1.8621402659898545,0,1,2,1,0,2,0,0,0.8369888141728653,0.16301118582713472
1038,3.0699209433200196,3.255448805099041,0,1,1,0,3,0,1,0,0.8369888141728653,0.16301118582713472
1040,3.0848915236665495,3.279029747687948,0,1,0,0,0,0,1,0,0.8369888141728653,0.16301118582713472
1043,3.126059876923826,2.0663309725297405,0,1,0,0,0,2,0,0,0.8369888141728653,0.16301118582713472
1052,3.126059876923826,2.0455356796500372,1,3,0,0,0,2,2,1,0.18029039984971268,0.8197096001502873
1055,3.126059876923826,1.9459101490553132,0,1,0,0,0,2,1,0,0.8369888141728653,0.16301118582713472
1060,3.0848915236665495,3.32218303393412,1,2,0,0,0,0,0,1,0.18029039984971268,0.8197096001502873
1062,3.126059876923826,2.0215475632609334,0,1,0,0,0,2,1,0,0.8369888141728653,0.16301118582713472
1065,3.126059876923826,1.9781283799793465,0,1,0,0,0,2,0,0,0.8369888141728653,0.16301118582713472
1075,3.126059876923826,2.0476928433652555,0,1,0,0,0,2,2,0,0.8369888141728653,0.16301118582713472
1080,1.7125446419853634,4.242045918369452,1,3,5,8,65,2,1,0,0.8369888141728653,0.16301118582713472
1083,3.0848915236665495,3.258096538021482,0,1,0,0,0,0,1,0,0.8369888141728653,0.16301118582713472
1091,3.126059876923826,2.0934060820302083,1,2,0,0,0,2,1,1,0.40925012719032405,0.590749872809676
1092,3.111507258237529,2.0476928433652555,1,3,1,0,184,2,2,1,0.22344668271349022,0.7765533172865098
1097,3.0848915236665495,3.2481122450531466,0,1,0,0,0,0,0,0,0.8369888141728653,0.16301118582713472
1103,3.126059876923826,1.9530276168241774,0,1,0,0,0,2,1,0,0.8369888141728653,0.16301118582713472
1108,3.126059876923826,2.0642263758733557,1,3,0,0,0,2,2,1,0.18029039984971268,0.8197096001502873
1111,3.126059876923826,2.0856720914304723,0,1,0,0,0,2,1,0,0.8369888141728653,0.16301118582713472
1117,2.1281421508492917,2.7243040552851014,1,2,5,2,33,2,0,1,0.22738986286973933,0.7726101371302607
1119,3.126059876923826,2.0476928433652555,1,3,0,0,0,2,2,1,0.18029039984971268,0.8197096001502873
1125,3.126059876923826,2.0642263758733557,0,1,0,0,0,2,2,0,0.8369888141728653,0.16301118582713472
1135,3.126059876923826,2.0652792278673315,0,1,0,0,0,2,1,0,0.8369888141728653,0.16301118582713472
1136,2.044302592188467,1.7685761337723978,0,4,5,3,193,2,1,1,0.18457532223427273,0.8154246777657272
1141,2.8873225911407534,1.977837849205252,1,2,3,1,207,2,0,1,0.23970311903378075,0.7602968809662192
1147,3.126059876923826,2.0215475632609334,0,1,0,0,0,2,1,0,0.8369888141728653,0.16301118582713472
1148,3.126059876923826,2.0476928433652555,0,1,0,0,0,2,2,0,0.8369888141728653,0.16301118582713472
1157,3.126059876923826,2.0663309725297405,0,1,0,0,0,2,1,0,0.8369888141728653,0.16301118582713472
1158,3.0848915236665495,4.4717415496938635,0,1,0,0,0,0,1,0,0.8369888141728653,0.16301118582713472
1159,3.126059876923826,2.0215475632609334,0,1,0,0,0,2,1,0,0.8369888141728653,0.16301118582713472
1160,3.126059876923826,2.0856720914304723,1,3,0,0,0,2,1,1,0.23819884724735463,0.7618011527526454
1163,3.126059876923826,2.0476928433652555,0,1,0,0,0,2,2,0,0.8369888141728653,0.16301118582713472
1165,2.8873225911407534,2.0476928433652555,1,3,3,1,21,2,2,1,0.18029039984971268,0.8197096001502873
1166,3.126059876923826,1.9775472339984959,0,1,0,0,0,2,0,0,0.8369888141728653,0.16301118582713472
1174,3.126059876923826,2.0476928433652555,1,3,0,0,0,2,2,1,0.18029039984971268,0.8197096001502873
1178,3.126059876923826,1.9810014688665833,0,1,0,0,0,2,1,0,0.8369888141728653,0.16301118582713472
1180,3.126059876923826,1.9781283799793465,0,1,0,0,0,2,0,0,0.8369888141728653,0.16301118582713472
1181,3.126059876923826,2.0856720914304723,0,1,0,0,0,2,1,0,0.8369888141728653,0.16301118582713472
1182,3.0848915236665495,3.6788291182604347,0,1,0,0,0,0,1,0,0.8369888141728653,0.16301118582713472
1184,3.126059876923826,1.9781283799793465,0,1,0,0,0,2,0,0,0.8369888141728653,0.16301118582713472
1189,2.8873225911407534,3.0763532755216065,0,1,3,2,22,2,0,0,0.8369888141728653,0.16301118582713472
1193,3.126059876923826,2.711098882480229,0,1,0,0,0,1,0,0,0.8369888141728653,0.16301118582713472
1196,3.126059876923826,2.0476928433652555,1,3,0,0,0,2,2,1,0.18029039984971268,0.8197096001502873
1204,3.126059876923826,2.024853351395433,0,1,0,0,0,2,1,0,0.8369888141728653,0.16301118582713472
1224,3.126059876923826,1.9775472339984959,0,1,0,0,0,2,0,0,0.8369888141728653,0.16301118582713472
1231,3.126059876923826,1.9781283799793465,0,4,0,0,0,2,0,1,0.19747925279880688,0.8025207472011932
1234,1.66534166480638,4.242045918369452,0,1,5,8,65,2,1,0,0.8369888141728653,0.16301118582713472
1236,2.044302592188467,1.575536360758419,0,4,5,2,63,2,1,1,0.1969569667876391,0.8030430332123609
1249,3.126059876923826,2.0642263758733557,0,1,0,0,0,2,1,0,0.8369888141728653,0.16301118582713472
1250,3.126059876923826,2.0476928433652555,0,1,0,0,0,2,2,0,0.8369888141728653,0.16301118582713472
1257,1.66534166480638,4.242045918369452,1,2,5,8,65,2,1,0,0.8369888141728653,0.16301118582713472
1258,2.8873225911407534,1.9781214635608062,0,1,3,1,166,2,0,0,0.8211966210434722,0.1788033789565279
1272,3.126059876923826,2.0476928433652555,0,1,0,0,0,2,2,0,0.8369888141728653,0.16301118582713472
1274,3.111507258237529,1.9810014688665833,1,2,1,0,158,2,1,1,0.2052213076571225,0.7947786923428775
1276,3.126059876923826,2.5552874465497997,0,1,0,0,0,1,1,0,0.8369888141728653,0.16301118582713472
1300,3.126059876923826,2.043917985610789,1,3,0,0,0,2,2,1,0.18029039984971268,0.8197096001502873
1302,3.126059876923826,2.0476928433652555,1,3,0,0,0,2,2,1,0.18029039984971268,0.8197096001502873
1305,3.126059876923826,2.0856720914304723,0,1,0,0,0,2,1,0,0.8369888141728653,0.16301118582713472
1308,3.126059876923826,2.0856720914304723,0,1,0,0,0,2,1,0,0.8369888141728653,0.16301118582713472
1309,2.044302592188467,2.008585328105926,0,4,5,2,53,2,0,1,0.18457532223427273,0.8154246777657272
892,3.5409593240373143,2.0578603336462318,0,1,0,0,0,2,2,0,0.8369888141728653,0.16301118582713472
893,3.8501476017100584,1.9459101490553132,1,2,2,1,0,2,1,1,0.43169642013293413,0.5683035798670659
894,4.127134385045092,2.270836394679465,0,1,0,0,0,1,2,0,0.8369888141728653,0.16301118582713472
895,3.295836866004329,2.1590033645160216,0,1,0,0,0,2,1,0,0.8369888141728653,0.16301118582713472
896,3.091042453358316,1.8154353049133396,1,2,5,2,148,2,1,1,0.18029039984971268,0.8197096001502873
897,2.6390573296152584,2.221917189926591,0,1,0,0,0,2,1,0,0.8369888141728653,0.16301118582713472
898,3.4011973816621555,2.0319829905201345,1,3,0,0,0,2,2,1,0.18029039984971268,0.8197096001502873
899,3.258096538021482,2.268683541318364,0,1,5,2,37,1,1,0,0.8369888141728653,0.16301118582713472
900,2.8903717578961645,1.9781283799793465,1,2,0,0,0,2,0,1,0.2422867592151785,0.7577132407848215
901,3.044522437723423,3.184284380098582,0,1,3,2,163,2,1,0,0.833040209855431,0.16695979014456896
903,3.828641396489095,3.258096538021482,0,1,0,0,0,0,1,0,0.8369888141728653,0.16301118582713472
904,3.1354942159291497,3.7168192279894816,1,2,3,1,201,0,1,1,0.1814102181214873,0.8185897818785127
905,4.143134726391533,2.5649493574615367,0,1,3,1,202,1,1,0,0.7846264268336833,0.2153735731663166
906,3.8501476017100584,3.42059142876879,1,2,3,1,42,0,1,1,0.18029039984971268,0.8197096001502873
907,3.1780538303479458,2.6290358533741744,1,2,3,1,123,1,0,1,0.18029039984971268,0.8197096001502873
908,3.5553480614894135,2.513656063073986,0,1,0,0,0,1,2,0,0.8369888141728653,0.16301118582713472
909,3.044522437723423,1.9775472339984959,0,1,0,0,0,2,0,0,0.8369888141728653,0.16301118582713472
910,3.295836866004329,2.0700223197633445,1,3,2,1,0,2,1,1,0.38732438215397225,0.6126756178460276
911,3.8066624897703196,1.9775472339984959,1,2,0,0,0,2,0,1,0.20393975852265359,0.7960602414773464
912,4.007333185232471,3.391147045808654,0,1,3,1,153,0,0,0,0.6398919377224387,0.36010806227756126
913,2.1972245773362196,1.1539839219808636,0,4,4,1,0,2,1,1,0.2280488172047505,0.7719511827952494
915,3.044522437723423,3.4239238349852865,0,1,5,1,64,0,0,0,0.7241790634198304,0.27582093658016954
916,3.871201010907891,3.6238646290854835,1,2,5,4,114,0,0,1,0.2239358622380631,0.776064137761937
917,3.912023005428146,1.9810014688665833,0,1,3,1,54,2,1,0,0.8369888141728653,0.16301118582713472
918,3.091042453358316,3.4336516643268755,1,3,5,1,27,0,0,1,0.18029039984971268,0.8197096001502873
919,3.1135153092103742,1.9775472339984959,0,1,0,0,0,2,0,0,0.8369888141728653,0.16301118582713472
920,3.713572066704308,3.417726683613366,0,1,0,0,0,0,1,0,0.8369888141728653,0.16301118582713472
922,3.912023005428146,2.5649493574615367,0,1,3,1,141,1,1,0,0.8144130037698272,0.18558699623017283
923,3.1780538303479458,2.3513752571634776,0,1,3,2,203,1,1,0,0.7846264268336833,0.2153735731663166
924,3.4965075614664802,1.637782385443243,1,2,5,3,43,2,1,1,0.5104405598771031,0.4895594401228969
926,3.4011973816621555,3.3629761688419575,0,1,3,1,204,0,0,0,0.6758366445194276,0.32416335548057257
927,2.917770732084279,1.9781283799793465,0,1,0,0,0,2,0,0,0.8369888141728653,0.16301118582713472
929,3.044522437723423,2.1590033645160216,1,3,0,0,0,2,1,1,0.23819884724735463,0.7618011527526454
930,3.2188758248682006,2.2512917986064953,0,1,0,0,0,2,1,0,0.8369888141728653,0.16301118582713472
932,3.6635616461296463,1.9033530191054808,0,1,5,1,182,2,0,0,0.8023876845164464,0.19761231548355374
934,3.713572066704308,2.060513531794317,0,1,0,0,0,2,1,0,0.8369888141728653,0.16301118582713472
935,3.4011973816621555,2.5649493574615367,1,2,0,0,0,1,1,1,0.18029039984971268,0.8197096001502873
936,3.8066624897703196,3.2686978374512887,1,2,3,1,175,0,1,1,0.18029039984971268,0.8197096001502873
937,3.2188758248682006,2.0700223197633445,0,1,0,0,0,2,1,0,0.8369888141728653,0.16301118582713472
938,3.8066624897703196,3.391147045808654,0,1,0,0,0,0,0,0,0.8369888141728653,0.16301118582713472
940,4.0943445622221,3.6414169706862403,1,2,1,0,81,0,0,1,0.18029039984971268,0.8197096001502873
941,3.58351893845611,1.667706820558076,1,2,5,2,122,2,1,1,0.27842512020602095,0.721574879793979
942,3.1780538303479458,3.4011973816621555,0,1,3,1,205,0,1,0,0.7604404404377113,0.23955955956228872
943,3.295836866004329,2.7102677405431645,0,1,0,0,0,1,0,0,0.8369888141728653,0.16301118582713472
944,2.995732273553991,2.4423470353692043,1,3,5,3,192,1,1,1,0.18029039984971268,0.8197096001502873
945,3.332204510175204,3.7803945629497098,1,3,5,5,13,0,1,1,0.3149950482090715,0.6850049517909285
947,2.302585092994046,1.5798374426578097,0,4,5,5,9,2,2,0,0.8133069871436793,0.18669301285632067
948,3.5553480614894135,2.0663309725297405,0,1,0,0,0,2,1,0,0.8369888141728653,0.16301118582713472
949,3.2188758248682006,2.0347056478384444,0,1,0,0,0,2,1,0,0.8369888141728653,0.16301118582713472
951,3.58351893845611,3.6238646290854835,1,3,1,0,114,0,0,1,0.18029039984971268,0.8197096001502873
952,2.833213344056216,2.0663309725297405,0,1,0,0,0,2,1,0,0.8369888141728653,0.16301118582713472
953,3.4657359027997265,2.6026896854443837,0,1,0,0,0,1,1,0,0.8369888141728653,0.16301118582713472
954,2.8903717578961645,2.0476928433652555,0,1,0,0,0,2,1,0,0.8369888141728653,0.16301118582713472
955,3.091042453358316,2.044461822783809,1,3,0,0,0,2,2,1,0.18029039984971268,0.8197096001502873
956,2.5649493574615367,3.6238646290854835,0,4,5,4,114,0,0,1,0.20914373159388783,0.7908562684061122
958,2.8903717578961645,2.0642263758733557,1,3,0,0,0,2,2,1,0.18029039984971268,0.8197096001502873
959,3.8501476017100584,3.054001181677967,0,1,1,0,171,0,1,0,0.7615306588953594,0.23846934110464052
960,3.4339872044851463,3.351219011855914,0,1,0,0,0,0,0,0,0.8369888141728653,0.16301118582713472
961,4.0943445622221,3.7803945629497098,1,2,5,5,13,0,1,1,0.37557858322676124,0.6244214167732387
962,3.1780538303479458,2.0476928433652555,1,3,0,0,0,2,2,1,0.18029039984971268,0.8197096001502873
963,3.044522437723423,2.0663309725297405,0,1,0,0,0,2,1,0,0.8369888141728653,0.16301118582713472
964,3.367295829986474,2.0700223197633445,1,3,0,0,0,2,1,1,0.23819884724735463,0.7618011527526454
965,3.349904087274605,3.32218303393412,0,1,0,0,0,0,0,0,0.8369888141728653,0.16301118582713472
966,3.5553480614894135,3.744787086052232,1,3,1,0,128,0,0,1,0.18029039984971268,0.8197096001502873
967,3.481240089335692,3.744787086052232,0,1,1,0,128,0,0,0,0.7343451101929327,0.2656548898070673
969,4.007333185232471,3.246490991901174,1,2,2,2,0,0,1,1,0.17917321590645155,0.8208267840935484
970,3.4011973816621555,2.5649493574615367,0,1,0,0,0,1,1,0,0.8369888141728653,0.16301118582713472
971,3.1780538303479458,2.0476928433652555,1,3,0,0,0,2,2,1,0.18029039984971268,0.8197096001502873
972,1.791759469228055,2.7243040552851014,0,4,5,2,58,2,0,1,0.18457532223427273,0.8154246777657272
973,4.204692619390966,4.015387931220388,0,1,3,1,156,0,1,0,0.7385340038259949,0.26146599617400523
974,3.8918202981106265,3.258096538021482,0,1,0,0,0,0,1,0,0.8369888141728653,0.16301118582713472
978,3.295836866004329,2.0642263758733557,1,3,0,0,0,2,2,1,0.18029039984971268,0.8197096001502873
979,2.8903717578961645,2.0856720914304723,1,3,0,0,0,2,1,1,0.23819884724735463,0.7618011527526454
981,0.6931471805599453,2.03688192726104,0,4,5,2,189,1,1,1,0.18029039984971268,0.8197096001502873
982,3.091042453358316,1.9387416595767009,1,2,3,1,208,2,1,1,0.22306081764116903,0.776939182358831
984,3.295836866004329,3.258096538021482,1,2,4,3,179,0,1,1,0.18029039984971268,0.8197096001502873
986,3.2188758248682006,3.258096538021482,0,1,0,0,0,0,0,0,0.8369888141728653,0.16301118582713472
987,3.2188758248682006,2.0535851271346086,0,1,0,0,0,2,1,0,0.8369888141728653,0.16301118582713472
988,4.330733340286331,3.2689350247409377,1,2,3,1,105,0,1,1,0.19681781989744418,0.8031821801025558
989,3.367295829986474,2.0700223197633445,0,1,0,0,0,2,1,0,0.8369888141728653,0.16301118582713472
990,2.995732273553991,2.061048420562944,1,3,0,0,0,2,1,1,0.23819884724735463,0.7618011527526454
991,3.4965075614664802,2.0856720914304723,0,1,0,0,0,2,1,0,0.8369888141728653,0.16301118582713472
992,3.7612001156935624,3.3221848376322423,1,2,3,1,209,0,0,1,0.22306081764116903,0.776939182358831
993,3.295836866004329,2.5649493574615367,0,1,3,1,55,1,1,0,0.8369888141728653,0.16301118582713472
995,3.258096538021482,2.0509134580652977,0,1,0,0,0,2,1,0,0.8369888141728653,0.16301118582713472
996,2.772588722239781,1.448881761308324,1,2,5,2,194,2,0,1,0.18029039984971268,0.8197096001502873
997,3.332204510175204,3.1146258034944014,0,1,1,0,152,2,1,0,0.8369888141728653,0.16301118582713472
998,3.044522437723423,2.05678685111503,0,1,0,0,0,2,2,0,0.8369888141728653,0.16301118582713472
1001,2.917770732084279,2.5649493574615367,0,1,0,0,0,1,1,0,0.8369888141728653,0.16301118582713472
1002,3.713572066704308,2.711098882480229,0,1,0,0,0,1,0,0,0.8369888141728653,0.16301118582713472
1004,3.58351893845611,3.455660314102122,1,3,0,0,0,0,0,1,0.18029039984971268,0.8197096001502873
1005,2.917770732084279,1.9855840562039775,1,3,0,0,0,2,2,1,0.18029039984971268,0.8197096001502873
1006,4.143134726391533,4.015387931220388,1,2,3,1,156,0,1,1,0.18014576661424453,0.8198542333857555
1007,2.8903717578961645,1.977837849205252,0,1,3,1,35,2,0,0,0.8369888141728653,0.16301118582713472
1009,0.0,1.7167964307545998,1,3,5,2,7,2,1,1,0.20336503763689615,0.7966349623631038
1010,3.58351893845611,3.627558417982335,0,1,1,0,210,0,0,0,0.7205362993029719,0.2794637006970281
1011,3.367295829986474,2.5649493574615367,1,2,3,1,169,1,1,1,0.18029039984971268,0.8197096001502873
1012,2.4849066497880004,2.063693184711697,1,3,1,0,67,1,1,1,0.18029039984971268,0.8197096001502873
1014,3.5553480614894135,3.3629761688419575,1,2,3,1,204,0,0,1,0.1917034483002261,0.8082965516997739
1015,3.332204510175204,1.9810014688665833,0,1,0,0,0,2,1,0,0.8369888141728653,0.16301118582713472
1017,2.833213344056216,2.0856720914304723,1,3,5,1,66,2,1,1,0.34681780467539364,0.6531821953246063
1018,3.091042453358316,2.0535851271346086,0,1,0,0,0,2,1,0,0.8369888141728653,0.16301118582713472
1020,3.7376696182833684,2.5649493574615367,0,1,0,0,0,1,1,0,0.8369888141728653,0.16301118582713472
1021,3.1780538303479458,2.0856720914304723,0,1,0,0,0,2,1,0,0.8369888141728653,0.16301118582713472
1022,3.4657359027997265,2.0856720914304723,0,1,0,0,0,2,1,0,0.8369888141728653,0.16301118582713472
1023,3.970291913552122,3.349904087274605,0,1,0,0,0,0,0,0,0.8369888141728653,0.16301118582713472
1026,3.7612001156935624,2.0663309725297405,0,1,0,0,0,2,1,0,0.8369888141728653,0.16301118582713472
1027,3.1780538303479458,2.061048420562944,0,1,0,0,0,2,1,0,0.8369888141728653,0.16301118582713472
1028,3.2771447329921766,1.9775472339984959,0,1,0,0,0,2,0,0,0.8369888141728653,0.16301118582713472
1029,3.258096538021482,2.5649493574615367,0,1,0,0,0,1,1,0,0.8369888141728653,0.16301118582713472
1030,3.1354942159291497,2.0856720914304723,1,3,0,0,0,2,1,1,0.23819884724735463,0.7618011527526454
1031,3.6888794541139363,1.7685761337723978,0,1,5,7,29,2,1,0,0.8369888141728653,0.16301118582713472
1032,2.302585092994046,1.7685761337723978,1,3,5,7,29,2,1,0,0.8369888141728653,0.16301118582713472
1033,3.4965075614664802,5.020915603503812,1,3,1,0,107,0,1,1,0.18014576661424453,0.8198542333857555
1034,4.110873864173311,3.6238646290854835,0,1,5,4,114,0,0,0,0.8194866413085407,0.18051335869145943
1035,3.332204510175204,2.5649493574615367,0,1,1,0,161,1,1,0,0.8369888141728653,0.16301118582713472
1036,3.7376696182833684,3.279029747687948,0,1,0,0,0,0,1,0,0.8369888141728653,0.16301118582713472
1037,3.4339872044851463,2.1972245773362196,0,1,3,3,10,2,1,0,0.8369888141728653,0.16301118582713472
1039,3.091042453358316,2.0856720914304723,0,1,0,0,0,2,1,0,0.8369888141728653,0.16301118582713472
1041,3.4011973816621555,2.5649493574615367,0,1,5,2,115,1,1,0,0.8133782739171886,0.1866217260828115
1042,3.1354942159291497,3.3221337315923085,1,2,5,1,113,0,0,1,0.18029039984971268,0.8197096001502873
1044,4.102643365036796,2.586569774336967,0,1,0,0,0,2,1,0,0.8369888141728653,0.16301118582713472
1045,3.58351893845611,1.8069189809858774,1,2,5,2,211,2,1,1,0.2150629620622439,0.784937037937756
1046,2.5649493574615367,3.4464097244837033,0,4,5,6,12,2,1,0,0.8294580775228286,0.17054192247717137
1047,3.1780538303479458,2.0215475632609334,0,1,0,0,0,2,1,0,0.8369888141728653,0.16301118582713472
1048,3.367295829986474,4.015387931220388,1,3,1,0,156,0,1,1,0.18029039984971268,0.8197096001502873
1049,3.1354942159291497,2.061048420562944,1,3,0,0,0,2,1,1,0.23819884724735463,0.7618011527526454
1050,3.7376696182833684,3.279029747687948,0,1,0,0,0,0,1,0,0.8369888141728653,0.16301118582713472
1051,3.258096538021482,1.5242430663708686,1,2,5,2,212,2,1,1,0.2150629620622439,0.784937037937756
1053,1.9459101490553132,2.7243040552851014,0,4,5,2,92,2,0,1,0.19339351572547342,0.8066064842745266
1054,3.258096538021482,2.6026896854443837,1,3,0,0,0,1,1,1,0.18029039984971268,0.8197096001502873
1056,3.713572066704308,2.5649493574615367,0,1,0,0,0,1,1,0,0.8369888141728653,0.16301118582713472
1057,3.258096538021482,3.092178171822243,1,2,5,2,73,2,1,1,0.3842187727932891,0.6157812272067108
1058,3.871201010907891,3.921890164505806,0,1,0,0,0,0,0,0,0.8218834590866646,0.17811654091333545
1059,2.8903717578961645,1.927891643552635,0,1,5,4,41,2,1,0,0.8369888141728653,0.16301118582713472
1061,3.091042453358316,2.193049205925739,1,3,0,0,0,2,1,1,0.24779250408247916,0.7522074959175208
1063,3.295836866004329,1.9775472339984959,0,1,0,0,0,2,0,0,0.8369888141728653,0.16301118582713472
1064,3.1354942159291497,1.9387416595767009,0,1,3,1,208,2,1,0,0.826996793667617,0.17300320633238292
1066,3.6888794541139363,3.4464097244837033,0,1,5,6,12,2,1,0,0.8369888141728653,0.16301118582713472
1067,2.70805020110221,2.5649493574615367,1,3,5,2,178,1,1,1,0.18029039984971268,0.8197096001502873
1068,2.995732273553991,2.217843864538955,1,3,0,0,60,1,1,1,0.18029039984971268,0.8197096001502873
1069,3.9889840465642745,3.3221848376322423,0,1,3,1,209,0,0,0,0.6563620716179213,0.34363792838207885
1070,3.58351893845611,2.277267285009756,1,2,5,3,72,1,1,1,0.2754810508637002,0.7245189491362998
1071,4.1588830833596715,3.3221337315923085,1,2,5,2,197,0,0,1,0.19681781989744418,0.8031821801025558
1072,3.4011973816621555,2.5649493574615367,0,1,0,0,0,1,1,0,0.8369888141728653,0.16301118582713472
1073,3.6109179126442243,3.3221337315923085,0,1,5,2,197,0,0,0,0.6656154789009212,0.33438452109907885
1074,2.8903717578961645,3.279029747687948,1,2,3,1,188,0,1,1,0.18029039984971268,0.8197096001502873
1076,3.295836866004329,4.4128823302134785,1,2,5,2,52,0,0,1,0.18029039984971268,0.8197096001502873
1077,3.6888794541139363,2.772588722239781,0,1,0,0,0,1,1,0,0.8369888141728653,0.16301118582713472
1078,3.044522437723423,2.3513752571634776,1,3,5,1,213,1,1,1,0.17528137570765176,0.8247186242923481
1079,2.833213344056216,2.0856720914304723,0,1,2,2,0,2,1,0,0.8369888141728653,0.16301118582713472
1081,3.6888794541139363,2.5649493574615367,0,1,0,0,0,1,1,0,0.8369888141728653,0.16301118582713472
1082,3.5263605246161616,2.5649493574615367,0,1,3,1,154,1,1,0,0.8274771352312233,0.17252286476877665
1084,2.4423470353692043,1.575536360758419,0,4,5,2,63,2,1,1,0.19747925279880688,0.8025207472011932
1085,4.110873864173311,2.513656063073986,0,1,0,0,0,1,2,0,0.8369888141728653,0.16301118582713472
1086,2.0794415416798357,2.3826278006675823,0,4,5,2,135,1,1,1,0.18029039984971268,0.8197096001502873
1087,3.4965075614664802,2.061048420562944,0,1,0,0,0,2,1,0,0.8369888141728653,0.16301118582713472
1088,1.791759469228055,3.292126286607793,0,4,5,2,118,0,0,1,0.18029039984971268,0.8197096001502873
1089,2.8903717578961645,2.0509134580652977,1,3,0,0,0,2,1,1,0.2070362814551862,0.7929637185448137
1090,3.1354942159291497,2.3513752571634776,0,1,0,0,0,1,1,0,0.8369888141728653,0.16301118582713472
1093,-1.1086626245216111,1.5686159179138452,0,4,5,2,137,2,1,1,0.1931978686456916,0.8068021313543083
1094,3.8501476017100584,3.817822210029319,0,1,3,1,129,0,0,0,0.6250354983522761,0.37496450164772394
1095,2.0794415416798357,2.159484249353372,1,3,5,2,151,1,1,1,0.18029039984971268,0.8197096001502873
1096,3.2188758248682006,2.3513752571634776,0,1,0,0,0,1,1,0,0.8369888141728653,0.16301118582713472
1098,3.5553480614894135,2.0476928433652555,1,3,0,0,0,2,2,1,0.18029039984971268,0.8197096001502873
1099,3.1780538303479458,2.3513752571634776,0,1,0,0,0,1,1,0,0.8369888141728653,0.16301118582713472
1100,3.4965075614664802,3.32218303393412,1,3,0,0,0,0,0,1,0.18029039984971268,0.8197096001502873
1101,3.2188758248682006,2.0663309725297405,0,1,0,0,0,2,1,0,0.8369888141728653,0.16301118582713472
1102,3.4657359027997265,3.1146258034944014,0,1,1,0,152,2,1,0,0.8369888141728653,0.16301118582713472
1104,2.833213344056216,2.3513752571634776,0,1,1,0,34,1,1,0,0.8369888141728653,0.16301118582713472
1105,4.0943445622221,2.5649493574615367,1,2,3,1,202,1,1,1,0.2184376585714293,0.7815623414285706
1106,3.6375861597263857,2.0509134580652977,1,3,4,6,0,2,1,0,0.7434882280185815,0.2565117719814186
1107,3.7376696182833684,3.7495040759303713,0,1,0,0,0,0,1,0,0.8369888141728653,0.16301118582713472
1109,4.04305126783455,3.7188429074828777,0,1,5,2,117,0,1,0,0.7624558737492467,0.23754412625075325
1110,3.912023005428146,3.744787086052232,1,2,5,2,128,0,0,1,0.18029039984971268,0.8197096001502873
1112,3.4011973816621555,2.6288843311163475,1,3,2,1,0,1,0,1,0.18029039984971268,0.8197096001502873
1113,3.044522437723423,2.0856720914304723,0,1,0,0,0,2,1,0,0.8369888141728653,0.16301118582713472
1114,3.091042453358316,2.3513752571634776,1,2,0,0,0,1,1,1,0.18029039984971268,0.8197096001502873
1115,3.044522437723423,2.0535851271346086,0,1,0,0,0,2,1,0,0.8369888141728653,0.16301118582713472
1116,3.970291913552122,3.3122131507845287,1,2,0,0,0,0,0,1,0.18029039984971268,0.8197096001502873
1118,3.1354942159291497,2.0535851271346086,0,1,0,0,0,2,1,0,0.8369888141728653,0.16301118582713472
1120,3.7013019741124933,2.0215475632609334,0,1,1,0,150,2,1,0,0.8369888141728653,0.16301118582713472
1121,3.58351893845611,2.5649493574615367,0,1,0,0,0,1,1,0,0.8369888141728653,0.16301118582713472
1122,2.6390573296152584,2.5649493574615367,0,1,0,0,173,1,1,0,0.7947703654411402,0.20522963455885973
1123,3.044522437723423,3.279029747687948,1,3,0,0,0,0,1,1,0.18029039984971268,0.8197096001502873
1124,3.044522437723423,1.8711558142080713,0,1,2,1,0,2,1,0,0.8369888141728653,0.16301118582713472
1126,3.6635616461296463,3.5735148978272644,0,1,3,1,1,0,0,0,0.8298104013825928,0.17018959861740734
1127,2.995732273553991,2.061048420562944,0,1,0,0,0,2,1,0,0.8369888141728653,0.16301118582713472
1128,4.1588830833596715,3.6276687230690396,0,1,3,1,125,0,0,0,0.683646872790979,0.316353127209021
1129,2.995732273553991,1.9775472339984959,0,1,0,0,0,2,0,0,0.8369888141728653,0.16301118582713472
1130,2.8903717578961645,2.5649493574615367,1,3,4,2,0,1,1,1,0.18029039984971268,0.8197096001502873
1131,3.871201010907891,3.5688282230461064,1,2,3,1,157,0,0,1,0.18029039984971268,0.8197096001502873
1132,4.007333185232471,3.32218303393412,1,2,0,0,0,0,0,1,0.18029039984971268,0.8197096001502873
1133,3.8066624897703196,2.70805020110221,1,2,5,2,167,1,1,1,0.18029039984971268,0.8197096001502873
1134,3.8066624897703196,3.292126286607793,0,1,5,2,118,0,0,0,0.7079279891129993,0.29207201088700085
1137,3.713572066704308,3.255448805099041,0,1,3,1,146,0,1,0,0.7938368402838333,0.20616315971616683
1138,3.091042453358316,2.3513752571634776,1,2,1,0,206,1,1,1,0.22306081764116903,0.776939182358831
1139,3.7376696182833684,2.3826278006675823,0,1,5,2,135,1,1,0,0.8194866413085407,0.18051335869145943
1140,3.367295829986474,2.5649493574615367,1,2,3,1,83,1,1,1,0.18029039984971268,0.8197096001502873
1142,-0.08338160893905101,1.936941479072553,1,3,5,3,28,1,1,1,0.18029039984971268,0.8197096001502873
1143,2.995732273553991,2.0700223197633445,0,1,0,0,0,2,1,0,0.8369888141728653,0.16301118582713472
1144,3.295836866004329,4.225220766284595,0,1,3,1,214,0,0,0,0.6898261670851318,0.31017383291486816
1145,3.1780538303479458,2.2326989655298792,0,1,0,0,0,2,1,0,0.8369888141728653,0.16301118582713472
1146,3.481240089335692,2.2512917986064953,0,1,0,0,0,2,1,0,0.8369888141728653,0.16301118582713472
1149,3.332204510175204,2.0856720914304723,0,1,0,0,0,2,1,0,0.8369888141728653,0.16301118582713472
1150,2.9444389791664403,2.5649493574615367,1,3,0,0,0,1,1,1,0.18029039984971268,0.8197096001502873
1151,3.044522437723423,2.0509134580652977,0,1,0,0,0,2,1,0,0.8369888141728653,0.16301118582713472
1152,3.597312260588446,2.163323025660538,0,1,3,1,162,2,1,0,0.8369888141728653,0.16301118582713472
1153,3.044522437723423,2.061048420562944,0,1,0,0,0,2,1,0,0.8369888141728653,0.16301118582713472
1154,3.367295829986474,2.03688192726104,1,2,5,2,189,1,1,1,0.18029039984971268,0.8197096001502873
1155,0.0,1.8069189809858774,1,3,5,2,211,2,1,1,0.17528137570765176,0.8247186242923481
1156,3.4011973816621555,2.5445503985488434,0,1,0,0,0,1,0,0,0.8369888141728653,0.16301118582713472
1161,2.833213344056216,2.1590033645160216,0,1,0,0,0,2,1,0,0.8369888141728653,0.16301118582713472
1162,3.828641396489095,3.627558417982335,0,1,1,0,210,0,0,0,0.7205362993029719,0.2794637006970281
1164,3.258096538021482,4.225220766284595,1,2,3,1,214,0,0,1,0.22306081764116903,0.776939182358831
1167,2.995732273553991,2.5649493574615367,1,3,3,1,186,1,1,1,0.18029039984971268,0.8197096001502873
1168,3.332204510175204,2.3513752571634776,0,1,0,0,0,1,1,0,0.8369888141728653,0.16301118582713472
1169,3.6888794541139363,2.5649493574615367,0,1,3,1,26,1,1,0,0.8369888141728653,0.16301118582713472
1170,3.4011973816621555,2.3513752571634776,0,1,2,1,215,1,1,0,0.7846264268336833,0.2153735731663166
1171,3.091042453358316,2.3513752571634776,0,1,0,0,0,1,1,0,0.8369888141728653,0.16301118582713472
1172,3.1354942159291497,2.1590033645160216,1,3,0,0,0,2,1,1,0.23819884724735463,0.7618011527526454
1173,-0.2876820724517809,1.5242430663708686,0,4,5,2,212,2,1,1,0.1881888445036307,0.8118111554963694
1175,2.1972245773362196,2.7243040552851014,1,3,5,2,92,2,0,1,0.2658347194905682,0.7341652805094319
1176,0.6931471805599453,1.9076889362351155,1,3,5,2,91,2,1,1,0.25649201930833626,0.7435079806916638
1177,3.58351893845611,1.9810014688665833,0,1,0,0,0,2,1,0,0.8369888141728653,0.16301118582713472
1179,3.1780538303479458,3.7168192279894816,0,1,3,1,201,0,1,0,0.752230064220482,0.24776993577951814
1183,3.4011973816621555,1.9387416595767009,1,3,0,0,0,2,2,1,0.18029039984971268,0.8197096001502873
1185,3.970291913552122,3.306377415017057,0,1,5,2,143,0,1,0,0.7370116784322673,0.2629883215677327
1186,3.58351893845611,2.2512917986064953,0,1,0,0,0,2,1,0,0.8369888141728653,0.16301118582713472
1187,3.258096538021482,2.0663309725297405,0,1,0,0,0,2,1,0,0.8369888141728653,0.16301118582713472
1188,0.0,2.3413056811056445,1,3,5,3,20,1,0,1,0.18029039984971268,0.8197096001502873
1190,3.4011973816621555,3.817712325956905,0,1,0,0,0,0,1,0,0.8369888141728653,0.16301118582713472
1191,3.367295829986474,2.061048420562944,0,1,0,0,0,2,1,0,0.8369888141728653,0.16301118582713472
1192,3.4657359027997265,2.0509134580652977,0,1,0,0,0,2,1,0,0.8369888141728653,0.16301118582713472
1194,3.7612001156935624,2.3513752571634776,0,1,5,1,213,1,1,0,0.8000134533567997,0.19998654664320023
1195,3.1780538303479458,2.1590033645160216,0,1,0,0,0,2,1,0,0.8369888141728653,0.16301118582713472
1197,4.1588830833596715,3.279029747687948,1,2,4,2,0,0,1,1,0.19458081768240842,0.8054191823175916
1198,3.4011973816621555,5.020915603503812,0,1,5,3,107,0,1,0,0.786005919621026,0.2139940803789741
1199,-0.18632957819149348,1.5422291627406504,0,4,5,1,199,2,1,1,0.1997648121339861,0.8002351878660139
1200,4.007333185232471,3.1516670751747506,0,1,5,2,155,0,1,0,0.7370116784322673,0.2629883215677327
1201,3.8066624897703196,1.953616096118536,1,2,3,1,200,2,1,1,0.22306081764116903,0.776939182358831
1202,2.8903717578961645,2.1590033645160216,0,1,0,0,0,2,1,0,0.8369888141728653,0.16301118582713472
1203,3.091042453358316,1.9775472339984959,0,1,0,0,0,2,0,0,0.8369888141728653,0.16301118582713472
1205,3.6109179126442243,2.0476928433652555,1,3,0,0,0,2,2,1,0.18029039984971268,0.8197096001502873
1206,4.007333185232471,3.5236605594589845,1,2,1,0,99,0,0,1,0.18029039984971268,0.8197096001502873
1207,2.833213344056216,2.0455356796500372,1,3,0,0,0,2,2,1,0.18029039984971268,0.8197096001502873
1208,4.04305126783455,3.8885551092330584,0,1,3,1,14,0,0,0,0.7975839731561158,0.2024160268438841
1209,2.9444389791664403,2.3513752571634776,0,1,0,0,0,1,1,0,0.8369888141728653,0.16301118582713472
1210,3.295836866004329,2.061048420562944,0,1,0,0,0,2,1,0,0.8369888141728653,0.16301118582713472
1211,3.091042453358316,2.3513752571634776,0,1,3,2,203,1,1,0,0.7846264268336833,0.2153735731663166
1212,3.258096538021482,2.0509134580652977,0,1,0,0,0,2,1,0,0.8369888141728653,0.16301118582713472
1213,3.2188758248682006,1.9781283799793465,0,1,0,0,0,2,0,0,0.8369888141728653,0.16301118582713472
1214,3.258096538021482,2.5649493574615367,0,1,0,0,0,1,1,0,0.8369888141728653,0.16301118582713472
1215,3.4965075614664802,3.279029747687948,0,1,0,0,0,0,1,0,0.8369888141728653,0.16301118582713472
1216,3.6635616461296463,3.9671620205431943,1,3,1,0,180,0,1,1,0.18029039984971268,0.8197096001502873
1217,3.1354942159291497,1.9530276168241774,0,1,0,0,0,2,1,0,0.8369888141728653,0.16301118582713472
1218,2.4849066497880004,2.277267285009756,1,3,5,3,72,1,1,1,0.18029039984971268,0.8197096001502873
1219,3.828641396489095,3.6788291182604347,0,1,1,0,93,0,0,0,0.7677840935733482,0.23221590642665202
1220,3.367295829986474,2.5649493574615367,0,1,3,1,138,1,1,0,0.8144130037698272,0.18558699623017283
1221,3.044522437723423,2.5649493574615367,0,1,0,0,0,1,1,0,0.8369888141728653,0.16301118582713472
1222,3.871201010907891,2.217843864538955,1,2,5,2,60,1,1,1,0.1979014857955954,0.8020985142044046
1223,3.6635616461296463,3.391147045808654,0,1,0,0,0,0,0,0,0.8369888141728653,0.16301118582713472
1225,2.9444389791664403,1.6577009535716105,1,2,5,2,130,2,0,1,0.18029039984971268,0.8197096001502873
1226,3.295836866004329,2.0663309725297405,0,1,0,0,0,2,1,0,0.8369888141728653,0.16301118582713472
1227,3.4011973816621555,3.258096538021482,0,1,0,0,0,0,1,0,0.8369888141728653,0.16301118582713472
1228,3.4657359027997265,2.5649493574615367,0,1,0,0,0,1,1,0,0.8369888141728653,0.16301118582713472
1229,3.6635616461296463,1.9781283799793465,0,1,4,2,0,2,0,0,0.8369888141728653,0.16301118582713472
1230,3.2188758248682006,2.3513752571634776,0,1,0,0,203,1,1,0,0.7695210717474825,0.23047892825251734
1232,2.8903717578961645,2.3513752571634776,0,1,0,0,0,1,1,0,0.8369888141728653,0.16301118582713472
1233,3.4657359027997265,2.0254076531873504,0,1,0,0,0,2,1,0,0.8369888141728653,0.16301118582713472
1235,4.060443010546419,4.852673026053771,1,2,5,1,95,0,0,1,0.18029039984971268,0.8197096001502873
1237,2.772588722239781,2.0347056478384444,1,3,0,0,0,2,1,1,0.2070362814551862,0.7929637185448137
1238,3.258096538021482,2.5649493574615367,0,1,0,0,0,1,1,0,0.8369888141728653,0.16301118582713472
1239,3.6375861597263857,1.9781283799793465,1,2,0,0,0,2,0,1,0.22467567326929577,0.7753243267307042
1240,3.1780538303479458,2.6026896854443837,0,1,0,0,0,1,1,0,0.8369888141728653,0.16301118582713472
1241,3.4339872044851463,2.3513752571634776,1,3,1,0,78,1,1,1,0.18029039984971268,0.8197096001502873
1242,3.8066624897703196,3.455658735778192,1,2,5,1,44,0,0,1,0.18029039984971268,0.8197096001502873
1243,3.2188758248682006,2.3513752571634776,0,1,0,0,0,1,1,0,0.8369888141728653,0.16301118582713472
1244,2.8903717578961645,2.3513752571634776,0,1,1,0,34,1,1,0,0.8369888141728653,0.16301118582713472
1245,3.8918202981106265,2.5649493574615367,0,1,5,3,173,1,1,0,0.8023496407971077,0.19765035920289237
1246,-1.7719568419318752,1.637782385443243,1,3,5,3,43,2,1,1,0.2718295711944604,0.7281704288055397
1247,3.912023005428146,3.258096538021482,0,1,0,0,0,0,1,0,0.8369888141728653,0.16301118582713472
1248,4.07753744390572,3.2480306620316934,1,2,3,2,164,0,1,1,0.18029039984971268,0.8197096001502873
1251,3.4011973816621555,2.0509134580652977,1,2,3,1,172,2,1,1,0.18029039984971268,0.8197096001502873
1252,2.6741486494265287,4.242045918369452,0,4,5,8,65,2,1,0,0.8369888141728653,0.16301118582713472
1253,3.1780538303479458,2.512419131047457,1,2,5,2,196,1,0,1,0.18029039984971268,0.8197096001502873
1254,3.4339872044851463,2.3513752571634776,1,2,0,0,215,1,1,1,0.22306081764116903,0.776939182358831
1255,3.295836866004329,2.1590033645160216,0,1,0,0,0,2,1,0,0.8369888141728653,0.16301118582713472
1256,3.2188758248682006,3.3221848376322423,1,2,3,1,127,0,0,1,0.18029039984971268,0.8197096001502873
1259,3.091042453358316,1.735126127597597,1,3,0,0,24,2,1,1,0.20336503763689615,0.7966349623631038
1260,3.8066624897703196,3.391147045808654,1,2,5,1,216,0,0,1,0.1917034483002261,0.8082965516997739
1261,3.367295829986474,2.6288843311163475,0,1,0,0,0,1,0,0,0.8369888141728653,0.16301118582713472
1262,3.044522437723423,2.4423470353692043,0,1,2,1,0,1,1,0,0.8369888141728653,0.16301118582713472
1263,3.4339872044851463,3.292126286607793,1,3,1,0,118,0,0,1,0.18029039984971268,0.8197096001502873
1264,3.8918202981106265,4.4717415496938635,0,1,1,0,195,0,1,0,0.7787806497991018,0.22121935020089817
1265,3.784189633918261,2.5649493574615367,0,1,0,0,0,1,1,0,0.8369888141728653,0.16301118582713472
1266,3.9889840465642745,3.306377415017057,1,2,5,2,143,0,1,1,0.18029039984971268,0.8197096001502873
1267,3.8066624897703196,3.6238646290854835,1,3,1,0,114,0,0,1,0.18029039984971268,0.8197096001502873
1268,3.091042453358316,2.1590033645160216,1,3,2,2,0,2,1,0,0.550796756035639,0.44920324396436095
1269,3.044522437723423,2.4423470353692043,0,1,0,0,0,1,1,0,0.8369888141728653,0.16301118582713472
1270,4.007333185232471,3.912023005428146,0,1,0,0,0,0,1,0,0.8369888141728653,0.16301118582713472
1271,1.6094379124341003,3.4464097244837033,0,4,5,6,12,2,1,0,0.7741077867489663,0.22589221325103376
1273,3.258096538021482,2.0642263758733557,0,1,0,0,0,2,2,0,0.8369888141728653,0.16301118582713472
1275,2.9444389791664403,2.0856720914304723,1,2,3,1,187,2,1,1,0.196712472442287,0.8032875275577129
1277,3.1780538303479458,2.5649493574615367,1,3,5,3,173,1,1,1,0.18029039984971268,0.8197096001502873
1278,3.1780538303479458,2.0509134580652977,0,1,0,0,0,2,1,0,0.8369888141728653,0.16301118582713472
1279,4.04305126783455,2.5649493574615367,0,1,0,0,0,1,1,0,0.8369888141728653,0.16301118582713472
1280,3.044522437723423,2.0476928433652555,0,1,0,0,0,2,2,0,0.8369888141728653,0.16301118582713472
1281,1.791759469228055,1.4386495914538187,0,4,5,4,4,2,1,0,0.78343300889338,0.21656699110662006
1282,3.1354942159291497,3.1516670751747506,0,1,1,0,155,0,1,0,0.7825767081393943,0.21742329186060566
1283,3.9318256327243257,2.9806186357439426,1,2,5,1,198,0,1,1,0.18029039984971268,0.8197096001502873
1284,2.5649493574615367,1.9095425048844386,0,4,5,2,104,2,1,1,0.18457532223427273,0.8154246777657272
1285,3.8501476017100584,2.3513752571634776,0,1,0,0,0,1,1,0,0.8369888141728653,0.16301118582713472
1286,3.367295829986474,3.092178171822243,0,1,5,4,73,2,1,0,0.8369888141728653,0.16301118582713472
1287,2.8903717578961645,3.4011973816621555,1,2,3,1,205,0,1,1,0.2111402661978372,0.7888597338021628
1288,3.1780538303479458,1.9810014688665833,0,1,0,0,0,2,2,0,0.8369888141728653,0.16301118582713472
1289,3.871201010907891,3.6788291182604347,1,2,5,2,168,0,0,1,0.18029039984971268,0.8197096001502873
1290,3.091042453358316,2.0509134580652977,0,1,0,0,0,2,1,0,0.8369888141728653,0.16301118582713472
1291,3.4339872044851463,2.0455356796500372,0,1,0,0,0,2,2,0,0.8369888141728653,0.16301118582713472
1292,3.4011973816621555,3.7188429074828777,1,3,0,0,117,0,1,1,0.18029039984971268,0.8197096001502873
1293,3.6375861597263857,2.3513752571634776,0,1,3,1,133,1,1,0,0.8124453417439984,0.18755465825600176
1294,3.091042453358316,3.391147045808654,1,3,5,1,216,0,0,1,0.17528137570765176,0.8247186242923481
1295,2.833213344056216,3.159125820462427,0,1,1,0,39,0,1,0,0.8369888141728653,0.16301118582713472
1296,3.7612001156935624,3.32218303393412,0,1,2,1,0,0,0,0,0.8369888141728653,0.16301118582713472
1297,2.995732273553991,2.6291873526764853,0,1,0,0,0,1,0,0,0.8369888141728653,0.16301118582713472
1298,3.1354942159291497,2.3513752571634776,0,1,2,1,0,1,1,0,0.8369888141728653,0.16301118582713472
1299,3.912023005428146,3.744787086052232,0,1,5,2,128,0,0,0,0.6918571699047075,0.30814283009529264
1301,1.0986122886681098,1.5242430663708686,1,3,5,2,212,2,1,1,0.17528137570765176,0.8247186242923481
1303,3.6109179126442243,3.4011973816621555,1,2,3,1,86,0,2,1,0.18029039984971268,0.8197096001502873
1304,3.332204510175204,2.0509134580652977,1,3,0,0,0,2,1,1,0.23819884724735463,0.7618011527526454
1306,3.6635616461296463,4.690430029938915,1,2,0,0,110,0,0,1,0.18029039984971268,0.8197096001502873
1307,3.6506582412937387,1.9810014688665833,0,1,0,0,0,2,1,0,0.8369888141728653,0.16301118582713472
